respondent,سن شما در کدام بازه است؟,در حال حاضر بیشتر وقت شما صرف چه کاری می‌شود؟,در ۱۲ ماه گذشته تلاش کرده‌اید عادت تازه‌ای بسازید یا کاری را به‌طور منظم انجام دهید؟,این عادت‌ها (یا عادتی که دوست دارید بسازید) در چه زمینه‌ای بودند؟ :: ورزش و تحرک,این عادت‌ها (یا عادتی که دوست دارید بسازید) در چه زمینه‌ای بودند؟ :: تغذیه و نوشیدن آب,این عادت‌ها (یا عادتی که دوست دارید بسازید) در چه زمینه‌ای بودند؟ :: خواب,این عادت‌ها (یا عادتی که دوست دارید بسازید) در چه زمینه‌ای بودند؟ :: درس و یادگیری,این عادت‌ها (یا عادتی که دوست دارید بسازید) در چه زمینه‌ای بودند؟ :: کتاب‌خوانی,این عادت‌ها (یا عادتی که دوست دارید بسازید) در چه زمینه‌ای بودند؟ :: زبان خارجی,این عادت‌ها (یا عادتی که دوست دارید بسازید) در چه زمینه‌ای بودند؟ :: کار و بهره‌وری,این عادت‌ها (یا عادتی که دوست دارید بسازید) در چه زمینه‌ای بودند؟ :: آرامش و مدیتیشن,این عادت‌ها (یا عادتی که دوست دارید بسازید) در چه زمینه‌ای بودند؟ :: ترک یک عادت (مثل سیگار یا گوشی),این عادت‌ها (یا عادتی که دوست دارید بسازید) در چه زمینه‌ای بودند؟ :: پول و پس‌انداز,این عادت‌ها (یا عادتی که دوست دارید بسازید) در چه زمینه‌ای بودند؟ :: معنوی,این عادت‌ها (یا عادتی که دوست دارید بسازید) در چه زمینه‌ای بودند؟ :: رابطه و خانواده,این عادت‌ها (یا عادتی که دوست دارید بسازید) در چه زمینه‌ای بودند؟ :: سایر,آخرین باری که عادت تازه‌ای را شروع کردید، چقدر ادامه پیدا کرد؟,اگر آن را رها کردید، دلیل اصلی چه بود؟ (حداکثر ۳ گزینه) :: فراموش می‌کردم,اگر آن را رها کردید، دلیل اصلی چه بود؟ (حداکثر ۳ گزینه) :: انگیزه‌ام کم شد,اگر آن را رها کردید، دلیل اصلی چه بود؟ (حداکثر ۳ گزینه) :: سرم شلوغ شد,اگر آن را رها کردید، دلیل اصلی چه بود؟ (حداکثر ۳ گزینه) :: یک روز جا انداختم و بعد کلاً رهایش کردم,اگر آن را رها کردید، دلیل اصلی چه بود؟ (حداکثر ۳ گزینه) :: پیشرفتی نمی‌دیدم,اگر آن را رها کردید، دلیل اصلی چه بود؟ (حداکثر ۳ گزینه) :: کسی پیگیرم نبود,اگر آن را رها کردید، دلیل اصلی چه بود؟ (حداکثر ۳ گزینه) :: هدفم بیش از حد بزرگ بود,اگر آن را رها کردید، دلیل اصلی چه بود؟ (حداکثر ۳ گزینه) :: بیماری، سفر یا اتفاقی پیش‌بینی‌نشده,اگر آن را رها کردید، دلیل اصلی چه بود؟ (حداکثر ۳ گزینه) :: حوصله‌ام سر رفت,اگر آن را رها کردید، دلیل اصلی چه بود؟ (حداکثر ۳ گزینه) :: رهایش نکردم,اگر آن را رها کردید، دلیل اصلی چه بود؟ (حداکثر ۳ گزینه) :: سایر,آخرین باری که عادتی را رها کردید، چه اتفاقی افتاد؟ اگر مایلید، کمی توضیح دهید.,تا حالا برای پیگیری عادت‌ها یا کارهای روزانه‌تان از چه چیزی استفاده کرده‌اید؟,اگر از اپی استفاده کرده‌اید، نامش چه بود؟ چرا ادامه دادید یا کنارش گذاشتید؟,اگر هر روز برای انجام یک کار یا ایجاد یک عادت از شما سوال و یادآوری بشه، فکر می‌کنید چقدر به ادامه دادن کمکتان می‌کند؟,فرض کنید ۲۰ روز پشت سر هم یک کار را انجام داده اید اما امروز آن کار را انجام نداده‌اید و یادآور از شما میپرسه که آِیا امروز این کار را انجام داده اید یا خیر؟ اگر «خیر» بزنید، زنجیره‌ی ۲۰ روزه صفر می‌شود. هیچ‌کس جز خودتان از پاسخ شما باخبر نمی‌شود. احتمالاً چه می‌کنید؟,فرض کنید ۳۰ روز پشت سر هم انجامش داده‌اید و بعد یک روز زنجیره شکسته است. به کدام حالت نزدیک‌ترید؟,اگر پلتفرمی باشه که به شما بگوید مثلا «۳۴۰ نفر دیگر هم این روزها هر روز می‌دوند»، چه حسی پیدا می‌کنید؟,کدام دو مورد بیشتر از همه به شما انگیزه می‌دهد که ادامه دهید؟,اگر یک اپ عادت‌سازی فقط یک کار را برای شما خیلی خوب انجام دهد، آن کار چیست؟
R01,۲۵ تا ۳۴,در جست‌وجوی کار,بله، چند بار,ورزش و تحرک,,,درس و یادگیری,کتاب‌خوانی,زبان خارجی,کار و بهره‌وری,,,,,,,۱ تا ۳ هفته,فراموش می‌کردم,,سرم شلوغ شد,یک روز جا انداختم و بعد کلاً رهایش کردم,,,,,,,,,آلارم یا یادآور گوشی,,3,نمیدونم در موقعیتش نبودم تا الان,فردا ادامه می‌دهم,انگیزه می‌گیرم,دیدن تعداد همراهان,
R02,زیر ۱۸,تحصیل یا درس,بله، چند بار,ورزش و تحرک,تغذیه و نوشیدن آب,خواب,,,زبان خارجی,,,,پول و پس‌انداز,,,,بیشتر از ۳ ماه,,,,,,,,,,رهایش نکردم,,کم کم روش انجام اون کار از یادم رفت و برای شروع دوباره مجبور بودم آموزش ببینم,دفتر یا کاغذ,"برای رژیم غذایی از اپ ""جزیره"" استفاده کردم",3,صادقانه خیر میزنم,چند روز کنارش می‌گذارم و بعد برمی‌گردم,انگیزه می‌گیرم,دیدن تعداد همراهان,هم مسیر های من رو بهم معرفی کنه تا گروهی با هم عادت سازی کنیم
R03,۳۵ تا ۴۴,کار تمام‌وقت,بله، چند بار,ورزش و تحرک,تغذیه و نوشیدن آب,,,کتاب‌خوانی,زبان خارجی,,,,,معنوی,,,۱ تا ۳ ماه,فراموش می‌کردم,,سرم شلوغ شد,,,,,,,,,"به دلیل آنلاین بودن کلاس زبان و برگزاری نمایشگاههای کاری در آخر هفته مدام به تعویق افتاد 
به همین دلیل ورزش ترک شد",دفتر یا کاغذ,خیر,5,اگر بدونم زنجیره ام همچنان حفظ میشه خیر میزنم,چند روز کنارش می‌گذارم و بعد برمی‌گردم,انگیزه می‌گیرم,کرکترها و کلکسیون,یادگیری علم جدید
R04,۳۵ تا ۴۴,تحصیل یا درس,بله، چند بار,ورزش و تحرک,تغذیه و نوشیدن آب,خواب,درس و یادگیری,,,,,,,معنوی,,,۱ تا ۳ هفته,,انگیزه‌ام کم شد,,,,,,,,,,"هر عادتی یه خط قرمزی داره مثلاً رژیم غذایی خط قرمزش خوردن یه غذاهایی هست وقتی این خط قرمز شکسته میشه اون عادت ادامه پیدا می‌کنه و من برمی‌گردم به حالت قبل و این تبدیل. شده به یه چرخه معیوب که هی تکرار میشه 
و این چرخه معیوب در همه عادت ها صادق هست عموما",آلارم یا یادآور گوشی,Calendar  گوشی ، هنوز هم استفاده می کنم,3,نمیدونم در موقعیتش نبودم تا الان,فردا ادامه می‌دهم,انگیزه می‌گیرم,دیدن تعداد همراهان,یادآوری قصد و ارزشی که من با آن عادت میخواهم در زندگیم جاری شود
R05,۳۵ تا ۴۴,کار پاره‌وقت یا آزاد,بله، چند بار,ورزش و تحرک,,خواب,درس و یادگیری,کتاب‌خوانی,,,آرامش و مدیتیشن,,,,,,هنوز ادامه دارد,فراموش می‌کردم,,سرم شلوغ شد,,,کسی پیگیرم نبود,,,,,,,دفتر یا کاغذ,21 days,5,صادقانه خیر میزنم,چند روز کنارش می‌گذارم و بعد برمی‌گردم,حس خاصی ندارم,امتیاز و سطح,"احساس کنم تلاشم دیده میشه و کمک کنه از انجامش خسته نشم.. 
بتونم کسایی که مثل من درحال ساختن روتین مشابهم هستن ببینم مقایسه کنم، برای بهتر شدنم از دیگران یاد بگیرم و حتی باهاشون ارتباط بگیرم."
R06,۲۵ تا ۳۴,کار تمام‌وقت,خیر، ولی دوست دارم,ورزش و تحرک,تغذیه و نوشیدن آب,خواب,,,,,,,پول و پس‌انداز,,,,۱ تا ۳ ماه,,انگیزه‌ام کم شد,سرم شلوغ شد,,,,,,حوصله‌ام سر رفت,,,,به حافظه‌ام تکیه می‌کنم,,3,صادقانه خیر میزنم,فردا ادامه می‌دهم,انگیزه می‌گیرم,درصد پایبندی و نمودار پیشرفت,
R07,۱۸ تا ۲۴,سایر - گوشی و خواب,بله، چند بار,,,خواب,,,زبان خارجی,,,ترک یک عادت (مثل سیگار یا گوشی),پول و پس‌انداز,,,,هنوز ادامه دارد,,,,,,,,,,رهایش نکردم,,,یادداشت گوشی,,3,نمیدونم در موقعیتش نبودم تا الان,نمی‌دانم,دوست ندارم کسی بداند من چه کاری می‌کنم,درصد پایبندی و نمودار پیشرفت,
R08,۳۵ تا ۴۴,کار تمام‌وقت,بله، چند بار,,,,درس و یادگیری,,زبان خارجی,,,,,,رابطه و خانواده,,۱ تا ۳ ماه,,,سرم شلوغ شد,,,,,,,رهایش نکردم,,مشغله زندگی,به حافظه‌ام تکیه می‌کنم,,3,نمیدونم در موقعیتش نبودم تا الان,فردا ادامه می‌دهم,حس خاصی ندارم,زنجیره‌ی روزهای پشت سر هم,
R09,۲۵ تا ۳۴,کار تمام‌وقت,بله، یک بار,,,,,,,,آرامش و مدیتیشن,,,,,,کمتر از یک هفته,,انگیزه‌ام کم شد,سرم شلوغ شد,یک روز جا انداختم و بعد کلاً رهایش کردم,,,,,,,,,یادداشت گوشی,,3,صادقانه خیر میزنم,فردا ادامه می‌دهم,حس خاصی ندارم,زنجیره‌ی روزهای پشت سر هم,یاداوری و ایجاد انگیزه
R10,۲۵ تا ۳۴,کار پاره‌وقت یا آزاد,بله، چند بار,ورزش و تحرک,تغذیه و نوشیدن آب,,,,,,,ترک یک عادت (مثل سیگار یا گوشی),,,رابطه و خانواده,,هنوز ادامه دارد,,,,,,,,,,رهایش نکردم,,,به حافظه‌ام تکیه می‌کنم,,3,صادقانه خیر میزنم,فردا ادامه می‌دهم,حس خاصی ندارم,امتیاز و سطح,
R11,۱۸ تا ۲۴,تحصیل یا درس,بله، چند بار,,,خواب,,,,,,,,,,,هنوز ادامه دارد,,انگیزه‌ام کم شد,,,,,,,,,,سعی میکنم به آدما وابسته نشم و به همه خوبی نکنم,یادداشت گوشی,,1,نمیدونم در موقعیتش نبودم تا الان,احتمالاً کلاً رهایش می‌کنم,انگیزه می‌گیرم,امتیاز و سطح,
R12,۲۵ تا ۳۴,خانه‌داری,بله، چند بار,ورزش و تحرک,تغذیه و نوشیدن آب,خواب,,کتاب‌خوانی,,کار و بهره‌وری,,,,,,,هنوز ادامه دارد,,انگیزه‌ام کم شد,,,پیشرفتی نمی‌دیدم,,,,حوصله‌ام سر رفت,,,,دفتر یا کاغذ,,3,اگر بدونم زنجیره ام همچنان حفظ میشه خیر میزنم,فردا ادامه می‌دهم,حس فشار یا مقایسه,درصد پایبندی و نمودار پیشرفت,
R13,۲۵ تا ۳۴,کار تمام‌وقت,بله، یک بار,ورزش و تحرک,تغذیه و نوشیدن آب,,,,,,آرامش و مدیتیشن,,,,,,هنوز ادامه دارد,,,,,,,,,,رهایش نکردم,,پول نداشتم,آلارم یا یادآور گوشی,,3,نمیدونم در موقعیتش نبودم تا الان,چند روز کنارش می‌گذارم و بعد برمی‌گردم,انگیزه می‌گیرم,دیدن تعداد همراهان,
R14,۳۵ تا ۴۴,کار تمام‌وقت,بله، چند بار,ورزش و تحرک,تغذیه و نوشیدن آب,,,کتاب‌خوانی,,,,,پول و پس‌انداز,,,,۱ تا ۳ هفته,,,سرم شلوغ شد,,,,,بیماری، سفر یا اتفاقی پیش‌بینی‌نشده,,,,,دفتر یا کاغذ,,3,برای اینکه زنجیره ام خراب نشه بله میزنم,احتمالاً کلاً رهایش می‌کنم,حس فشار یا مقایسه,امتیاز و سطح,
R15,۱۸ تا ۲۴,تحصیل یا درس,بله، چند بار,ورزش و تحرک,تغذیه و نوشیدن آب,,,کتاب‌خوانی,,,,,پول و پس‌انداز,,,,۱ تا ۳ هفته,,انگیزه‌ام کم شد,سرم شلوغ شد,یک روز جا انداختم و بعد کلاً رهایش کردم,,,,,,,,,دفتر یا کاغذ,,4,اگر بدونم زنجیره ام همچنان حفظ میشه خیر میزنم,احتمالاً کلاً رهایش می‌کنم,انگیزه می‌گیرم,دیدن تعداد همراهان,
R16,۴۵ به بالا,کار تمام‌وقت,بله، چند بار,,,,درس و یادگیری,,,کار و بهره‌وری,,,پول و پس‌انداز,,,,هنوز ادامه دارد,,,,,,,,,,رهایش نکردم,,در کنار شروع چند عادت دیگر آموزش سه تار را شروع کردم که متأسفانه به دلیل مشغله زیاد ، کند بودن سرعت یادگیری در ابتدای کار ، نیاز به تمرین زیاد غیر  ساعت کلاس و ... یادگیری را ترک کردم,به حافظه‌ام تکیه می‌کنم,,3,صادقانه خیر میزنم,فردا ادامه می‌دهم,انگیزه می‌گیرم,درصد پایبندی و نمودار پیشرفت,گزارش عملکرد
R17,۱۸ تا ۲۴,تحصیل یا درس,بله، چند بار,ورزش و تحرک,,خواب,درس و یادگیری,کتاب‌خوانی,زبان خارجی,,,,,,,,کمتر از یک هفته,,,,یک روز جا انداختم و بعد کلاً رهایش کردم,,,هدفم بیش از حد بزرگ بود,بیماری، سفر یا اتفاقی پیش‌بینی‌نشده,,,,جنگ شد,دفتر یا کاغذ,"Shake it allarm  انقدر زنگ میزنه تا بیدار بشی 
و اپ های پومودورو برای ثبت ساعت های درسی و زمان",3,اگر بدونم زنجیره ام همچنان حفظ میشه خیر میزنم,فردا ادامه می‌دهم,حس فشار یا مقایسه,کرکترها و کلکسیون,دیدن مقدار پیشروی و کمک به دوست داشتن خودم
R18,۲۵ تا ۳۴,کار پاره‌وقت یا آزاد,بله، چند بار,ورزش و تحرک,تغذیه و نوشیدن آب,خواب,,کتاب‌خوانی,زبان خارجی,,,,,,,,هنوز ادامه دارد,,انگیزه‌ام کم شد,,,پیشرفتی نمی‌دیدم,,,,حوصله‌ام سر رفت,,,,اپ ورزش یا سلامت (یا ساعت هوشمند),کرفس,3,صادقانه خیر میزنم,فردا ادامه می‌دهم,حس خاصی ندارم,درصد پایبندی و نمودار پیشرفت,
R19,زیر ۱۸,تحصیل یا درس,بله، چند بار,,,,,,,,,,پول و پس‌انداز,,,,هنوز ادامه دارد,,,,,,,,,,رهایش نکردم,,,یادداشت گوشی,,3,صادقانه خیر میزنم,فردا ادامه می‌دهم,انگیزه می‌گیرم,زنجیره‌ی روزهای پشت سر هم,
R20,۲۵ تا ۳۴,کار تمام‌وقت,بله، چند بار,,تغذیه و نوشیدن آب,خواب,,,,کار و بهره‌وری,,ترک یک عادت (مثل سیگار یا گوشی),پول و پس‌انداز,,,,۱ تا ۳ هفته,,انگیزه‌ام کم شد,,یک روز جا انداختم و بعد کلاً رهایش کردم,,,,بیماری، سفر یا اتفاقی پیش‌بینی‌نشده,,,,,دفتر یا کاغذ,,4,صادقانه خیر میزنم,فردا ادامه می‌دهم,انگیزه می‌گیرم,زنجیره‌ی روزهای پشت سر هم,
R21,۳۵ تا ۴۴,کار تمام‌وقت,بله، چند بار,ورزش و تحرک,تغذیه و نوشیدن آب,,,,,,آرامش و مدیتیشن,ترک یک عادت (مثل سیگار یا گوشی),,معنوی,,,هنوز ادامه دارد,,,,,,,,,,رهایش نکردم,,,به حافظه‌ام تکیه می‌کنم,,1,صادقانه خیر میزنم,فردا ادامه می‌دهم,دوست ندارم کسی بداند من چه کاری می‌کنم,درصد پایبندی و نمودار پیشرفت,
R22,۲۵ تا ۳۴,کار تمام‌وقت,بله، چند بار,ورزش و تحرک,,,,کتاب‌خوانی,,,,,پول و پس‌انداز,,رابطه و خانواده,,هنوز ادامه دارد,,,سرم شلوغ شد,,,,,,,,,کتاب خوانی که به خاطر مشغله کاری و درسی، برای مدت طولانی عقب افتاد و هیچوقت دوباره به حالت قبل برنگشت,به حافظه‌ام تکیه می‌کنم,,4,صادقانه خیر میزنم,فردا ادامه می‌دهم,انگیزه می‌گیرم,درصد پایبندی و نمودار پیشرفت,ظاهر جذاب و UI پر از جدول و چارت
R23,۲۵ تا ۳۴,سایر - هم درس هم کار,بله، چند بار,ورزش و تحرک,تغذیه و نوشیدن آب,خواب,,,,,,ترک یک عادت (مثل سیگار یا گوشی),,,,سایر - تمرکز داشتن,۱ تا ۳ هفته,فراموش می‌کردم,,,یک روز جا انداختم و بعد کلاً رهایش کردم,,کسی پیگیرم نبود,,,,,,چند روز برام کار پیش اومد ناونستم جلو ببرم یا خسته جسمی بودم حال نداشتم انجامش بدم و دیگه یادم رفت یا انرژی برگشتن به روتینو نداشتم,دفتر یا کاغذ,نوشن,3,اگر بدونم زنجیره ام همچنان حفظ میشه خیر میزنم,فردا ادامه می‌دهم,انگیزه می‌گیرم,درصد پایبندی و نمودار پیشرفت,زمان زیادی برای اد کردن تسکا و … ازم نگیره
R24,۳۵ تا ۴۴,تحصیل یا درس,بله، چند بار,,تغذیه و نوشیدن آب,,,,زبان خارجی,,,,,معنوی,,,۱ تا ۳ ماه,,,سرم شلوغ شد,یک روز جا انداختم و بعد کلاً رهایش کردم,,,,,,,,فکر و‌خیال و سفر مانع شد,یادداشت گوشی,,3,صادقانه خیر میزنم,چند روز کنارش می‌گذارم و بعد برمی‌گردم,انگیزه می‌گیرم,درصد پایبندی و نمودار پیشرفت,
R25,۲۵ تا ۳۴,کار تمام‌وقت,بله، چند بار,,تغذیه و نوشیدن آب,,درس و یادگیری,,,کار و بهره‌وری,,,,,,,۱ تا ۳ هفته,,,سرم شلوغ شد,یک روز جا انداختم و بعد کلاً رهایش کردم,,,,,,,,,اکسل یا جدول,,1,اگر بدونم زنجیره ام همچنان حفظ میشه خیر میزنم,فردا ادامه می‌دهم,حس خاصی ندارم,هیچکدام,
R26,۲۵ تا ۳۴,تحصیل یا درس,بله، چند بار,ورزش و تحرک,تغذیه و نوشیدن آب,,درس و یادگیری,کتاب‌خوانی,,کار و بهره‌وری,,,,,,,۱ تا ۳ هفته,,,,یک روز جا انداختم و بعد کلاً رهایش کردم,,,,,,,,خیلی خوب داشتم عادت هر شب کتاب خوندن رو رعایت میکردم تا اینکه یک شب خواستم به جاش فیلم ببینم. و شب های بعدی دیگه سراغ کتابم نرفتم.,دفتر یا کاغذ,,2,نمیدونم در موقعیتش نبودم تا الان,فردا ادامه می‌دهم,حس فشار یا مقایسه,درصد پایبندی و نمودار پیشرفت,یه نمودار ۹امع که بتونم حقیقتو راجع به عملکرد کاملم ببینم
R27,۳۵ تا ۴۴,در جست‌وجوی کار,بله، چند بار,ورزش و تحرک,,,,,,,آرامش و مدیتیشن,,,,,,۱ تا ۳ هفته,,,سرم شلوغ شد,,,,,بیماری، سفر یا اتفاقی پیش‌بینی‌نشده,,,,سرم شلوغ شد، نتونستم برنامه‌ریزی زمانی درستی داشته باشم. و خسته بودم.,یادداشت گوشی,,3,صادقانه خیر میزنم,نمی‌دانم,حس خاصی ندارم,امتیاز و سطح,یادآوری‌های منظم با لحنی که خودم انتخاب کردم! مثلا اولی مهربان، بعد کمی جدی اما با طنز، و احتمالا نهایتا بسیار جدی!
R28,۲۵ تا ۳۴,کار تمام‌وقت,بله، یک بار,ورزش و تحرک,تغذیه و نوشیدن آب,,,,,,آرامش و مدیتیشن,,پول و پس‌انداز,,,,بیشتر از ۳ ماه,,,,,,,,,,رهایش نکردم,,کمبود وقت-افزایش هزینه,دفتر یا کاغذ,,2,صادقانه خیر میزنم,چند روز کنارش می‌گذارم و بعد برمی‌گردم,حس خاصی ندارم,هیچکدام,حفظ اطلاعات
R29,۴۵ به بالا,کار تمام‌وقت,خیر، ولی دوست دارم,,تغذیه و نوشیدن آب,,,کتاب‌خوانی,,,,,,,,,بیشتر از ۳ ماه,,,,,,کسی پیگیرم نبود,,,,,,مجددشروع  به خوردن و آشامیدن مواد قندی کردم,به حافظه‌ام تکیه می‌کنم,,5,صادقانه خیر میزنم,فردا ادامه می‌دهم,انگیزه می‌گیرم,دیدن تعداد همراهان,یادآوری و گزارش آماری از فعالیت ها
R30,۱۸ تا ۲۴,کار تمام‌وقت,بله، یک بار,ورزش و تحرک,,,,,,کار و بهره‌وری,,,,,,,هنوز ادامه دارد,,,,,,,,,,رهایش نکردم,,,اپ ورزش یا سلامت (یا ساعت هوشمند),Apple Fitness,2,صادقانه خیر میزنم,فردا ادامه می‌دهم,حس فشار یا مقایسه,درصد پایبندی و نمودار پیشرفت,نشان دادن پیشرفت مسیری که در طول زمان طی کرده‌ام
R31,۲۵ تا ۳۴,کار تمام‌وقت,بله، چند بار,,,,,کتاب‌خوانی,زبان خارجی,,,,,,رابطه و خانواده,,کمتر از یک هفته,,انگیزه‌ام کم شد,سرم شلوغ شد,یک روز جا انداختم و بعد کلاً رهایش کردم,,,,,,,,کتااب خوندن دیر میشد دیگه بیخیال میشدم و عدم تمرکز,به حافظه‌ام تکیه می‌کنم,,4,برای اینکه زنجیره ام خراب نشه بله میزنم,احتمالاً کلاً رهایش می‌کنم,انگیزه می‌گیرم,دیدن تعداد همراهان,یاد آوری و فشار دادن انگیزه
R32,۲۵ تا ۳۴,خانه‌داری,بله، چند بار,ورزش و تحرک,تغذیه و نوشیدن آب,خواب,,کتاب‌خوانی,,کار و بهره‌وری,,,,,,,هنوز ادامه دارد,,انگیزه‌ام کم شد,,,پیشرفتی نمی‌دیدم,کسی پیگیرم نبود,,,,,,,دفتر یا کاغذ,,3,اگر بدونم زنجیره ام همچنان حفظ میشه خیر میزنم,فردا ادامه می‌دهم,حس فشار یا مقایسه,درصد پایبندی و نمودار پیشرفت,
R33,۲۵ تا ۳۴,کار تمام‌وقت,بله، چند بار,ورزش و تحرک,,,,,زبان خارجی,کار و بهره‌وری,,ترک یک عادت (مثل سیگار یا گوشی),,,,,۱ تا ۳ هفته,,,سرم شلوغ شد,,,,,,,,,ورزش، سرم شلوغ شد و نشد ادامه بدم,یادداشت گوشی,آلارم گوشی,3,اگر بدونم زنجیره ام همچنان حفظ میشه خیر میزنم,فردا ادامه می‌دهم,انگیزه می‌گیرم,دیدن تعداد همراهان,پیگیری
